City_ID,City,Country,Lat,Lng,Max Temp,Humidity,Cloudiness,Wind Speed,Current Description
0,Port Elizabeth,ZA,-33.918,25.5701,46.69,93,20,3.44,few clouds
1,Alexandria,EG,31.2156,29.9553,66.96,66,0,18.03,clear sky
2,Lorain,US,41.3334,-82.1499,65.57,91,100,0.0,overcast clouds
3,Cascais,PT,38.6979,-9.4215,64.51,79,100,25.01,overcast clouds
4,Dikson,RU,73.5069,80.5464,28.67,88,67,12.62,broken clouds
5,Jatiroto,ID,-7.8833,111.1167,84.4,66,55,3.06,broken clouds
6,New Norfolk,AU,-42.7826,147.0587,55.92,53,90,1.21,overcast clouds
7,Dombarovskiy,RU,50.7587,59.5386,44.22,71,99,17.27,overcast clouds
8,Nha Trang,VN,12.25,109.1833,86.0,65,100,5.32,overcast clouds
9,Hokitika,NZ,-42.7167,170.9667,53.4,76,99,17.36,overcast clouds
10,Halvad,IN,23.0167,71.1833,93.0,47,38,22.64,scattered clouds
11,San Patricio,US,28.017,-97.5169,82.49,93,32,13.85,scattered clouds
12,Dawson Creek,CA,55.7666,-120.2362,47.84,40,0,6.91,clear sky
13,Port Alfred,ZA,-33.5906,26.891,57.06,80,2,5.77,clear sky
14,Salalah,OM,17.0151,54.0924,86.09,70,75,5.75,broken clouds
15,Rundu,NA,-17.9333,19.7667,39.72,47,0,5.64,clear sky
16,Ribeira Grande,PT,38.5167,-28.7,63.99,94,100,1.83,overcast clouds
17,Champerico,GT,14.3,-91.9167,80.2,81,91,5.17,overcast clouds
18,Mezen,RU,65.8522,44.24,34.68,56,93,11.88,overcast clouds
19,Yellowknife,CA,62.456,-114.3525,41.56,100,75,11.5,light intensity shower rain
20,Pundaguitan,PH,6.3711,126.1689,84.16,68,99,6.24,overcast clouds
21,Hasaki,JP,35.7333,140.8333,72.0,79,90,20.51,overcast clouds
22,Busselton,AU,-33.65,115.3333,68.23,72,53,24.67,light rain
23,Butaritari,KI,3.0707,172.7902,81.72,78,85,11.63,light rain
24,Mataura,NZ,-46.1927,168.8643,42.35,82,68,8.08,broken clouds
25,Hermanus,ZA,-34.4187,19.2345,55.98,78,26,6.53,scattered clouds
26,Codrington,AU,-38.2667,141.9667,58.8,62,5,8.66,clear sky
27,Benito Juarez,MX,19.385,-99.165,73.22,33,100,11.5,overcast clouds
28,Carnarvon,AU,-24.8667,113.6333,76.28,60,13,22.35,few clouds
29,Umm Kaddadah,SD,13.6017,26.6876,80.37,18,98,6.8,overcast clouds
30,La Macarena,CO,2.1837,-73.7849,69.82,97,94,1.7,overcast clouds
31,Kruisfontein,ZA,-34.0033,24.7314,51.22,87,2,4.45,clear sky
32,Albany,US,42.6001,-73.9662,75.52,85,61,1.01,broken clouds
33,Atuona,PF,-9.8,-139.0333,77.61,79,20,8.46,light rain
34,Ushuaia,AR,-54.8,-68.3,37.06,81,0,6.91,clear sky
35,Hobyo,SO,5.3505,48.5268,83.17,65,75,18.16,broken clouds
36,Hithadhoo,MV,-0.6,73.0833,83.46,69,100,11.03,overcast clouds
37,Kapaa,US,22.0752,-159.319,78.78,91,100,11.5,overcast clouds
38,Ambilobe,MG,-13.2,49.05,79.2,70,8,4.65,clear sky
39,Cardston,CA,49.2,-113.3019,35.89,75,32,1.14,scattered clouds
40,San Carlos,VE,9.6612,-68.5827,76.44,70,56,2.48,broken clouds
41,Barrow,US,71.2906,-156.7887,23.02,93,100,11.5,light snow
42,Soma,TR,39.1855,27.6094,68.25,46,15,2.3,few clouds
43,Hobart,AU,-42.8794,147.3294,56.26,74,100,9.22,overcast clouds
44,Tuktoyaktuk,CA,69.4541,-133.0374,23.0,80,75,12.66,broken clouds
45,Robertsport,LR,6.7533,-11.3686,76.69,90,100,9.66,moderate rain
46,Kodiak,US,57.79,-152.4072,45.91,93,100,16.11,mist
47,Brownsburg,US,39.8434,-86.3978,67.78,89,100,12.66,overcast clouds
48,Punta Arenas,CL,-53.15,-70.9167,35.71,87,75,5.75,broken clouds
49,Fort Nelson,CA,58.8053,-122.7002,56.79,33,40,6.91,scattered clouds
50,Chokurdakh,RU,70.6333,147.9167,34.45,100,100,1.77,overcast clouds
51,Maceio,BR,-9.6658,-35.7353,76.44,83,75,4.61,broken clouds
52,Naze,JP,28.3667,129.4833,77.92,68,73,8.72,broken clouds
53,Bredasdorp,ZA,-34.5322,20.0403,51.35,84,36,6.26,scattered clouds
54,Marsh Harbour,BS,26.5412,-77.0636,78.51,87,29,13.29,scattered clouds
55,Puerto Ayora,EC,-0.7393,-90.3518,71.08,89,56,5.82,broken clouds
56,Giyani,ZA,-23.3025,30.7187,60.21,93,97,4.83,light rain
57,Ponta Do Sol,PT,32.6667,-17.1,65.71,78,64,3.29,broken clouds
58,Faanui,PF,-16.4833,-151.75,80.8,72,10,11.43,clear sky
59,Rikitea,PF,-23.1203,-134.9692,75.56,77,5,13.33,light rain
60,Shingu,JP,33.7333,135.9833,73.36,61,50,6.08,scattered clouds
61,Mahebourg,MU,-20.4081,57.7,77.29,69,75,9.22,broken clouds
62,Conde,BR,-7.2597,-34.9075,74.66,94,40,8.05,scattered clouds
63,Touros,BR,-5.1989,-35.4608,74.68,90,21,10.83,light rain
64,East London,ZA,-33.0153,27.9116,52.74,87,20,5.75,few clouds
65,Hilo,US,19.7297,-155.09,80.28,82,40,6.91,scattered clouds
66,Saskylakh,RU,71.9167,114.0833,34.81,100,100,3.31,overcast clouds
67,Half Moon Bay,US,37.4636,-122.4286,62.02,73,0,13.8,clear sky
68,Victoria,HK,22.2855,114.1577,82.45,81,97,17.0,overcast clouds
69,Istok,XK,42.7808,20.4875,63.25,87,42,2.44,scattered clouds
70,Dingle,PH,10.9995,122.6711,87.94,63,100,6.4,overcast clouds
71,Bambous Virieux,MU,-20.3428,57.7575,77.25,69,75,9.22,light rain
72,Ust-Tarka,RU,55.5672,75.705,76.41,36,98,14.74,overcast clouds
73,Tuatapere,NZ,-46.1333,167.6833,44.87,75,63,13.6,broken clouds
74,Severo-Kurilsk,RU,50.6789,156.125,45.46,91,74,12.06,broken clouds
75,Chernyshevskiy,RU,63.0128,112.4714,61.16,41,96,7.43,overcast clouds
76,Abu Kamal,SY,34.4506,40.9171,83.1,7,63,3.44,broken clouds
77,Stokmarknes,NO,68.5646,14.9108,46.38,87,100,9.22,overcast clouds
78,Istmina,CO,5.1605,-76.684,74.64,92,84,2.13,broken clouds
79,Trelew,AR,-43.249,-65.3051,58.41,42,74,23.44,broken clouds
80,Talnakh,RU,69.4865,88.3972,47.21,86,99,6.8,overcast clouds
81,Airai,TL,-8.9266,125.4092,72.63,55,38,4.45,scattered clouds
82,Mount Gambier,AU,-37.8333,140.7667,62.33,52,2,5.1,clear sky
83,Oxelosund,SE,58.6706,17.1015,51.89,76,0,2.3,clear sky
84,Orchard Homes,US,46.8633,-114.0484,46.54,66,100,8.05,overcast clouds
85,Lompoc,US,34.6391,-120.4579,54.01,85,100,5.01,overcast clouds
86,Cumpas,MX,29.9833,-109.7833,70.79,37,21,4.52,few clouds
87,Kaitangata,NZ,-46.2817,169.8464,45.28,73,64,13.31,broken clouds
88,Garowe,SO,8.4054,48.4845,84.83,50,84,22.7,broken clouds
89,Kununurra,AU,-15.7667,128.7333,91.38,21,4,6.91,clear sky
90,Thompson,CA,55.7435,-97.8558,33.96,80,40,0.0,scattered clouds
91,Avarua,CK,-21.2078,-159.775,75.25,88,75,5.75,broken clouds
92,Biltine,TD,14.5333,20.9167,81.28,16,43,5.82,scattered clouds
93,Fez,MA,34.0372,-4.9998,62.85,100,75,8.05,mist
94,Palmer,US,42.1584,-72.3287,73.67,79,0,4.61,clear sky
95,Kalabo,ZM,-14.97,22.6814,47.93,38,40,6.55,scattered clouds
96,Mar Del Plata,AR,-38.0023,-57.5575,46.94,92,18,1.99,few clouds
97,Emba,KZ,48.8264,58.1442,49.64,47,54,16.24,broken clouds
98,Ancud,CL,-41.8697,-73.8203,53.01,95,100,23.58,heavy intensity rain
99,Burnie,AU,-41.0667,145.9167,56.95,60,22,2.91,few clouds
100,Malkangiri,IN,18.35,81.9,98.2,35,14,5.41,few clouds
101,Vostok,RU,46.4856,135.8833,48.09,96,100,2.55,overcast clouds
102,Riviere-Au-Renard,CA,48.9957,-64.3971,62.89,98,80,3.67,broken clouds
103,Bethel,US,41.3712,-73.414,72.34,86,0,1.01,clear sky
104,Dong Xoai,VN,11.5333,106.9167,82.74,84,100,8.43,overcast clouds
105,Bluff,NZ,-46.6,168.3333,48.67,65,69,21.39,broken clouds
106,Nikolskoye,RU,59.7035,30.7861,47.88,50,0,6.46,clear sky
107,Caconda,AO,-13.7333,15.0667,47.88,58,57,1.23,broken clouds
108,Merke,KZ,42.8728,73.1786,54.07,95,98,6.91,light rain
109,Akyab,MM,20.15,92.9,88.11,67,68,4.83,broken clouds
110,Vaini,TO,-21.2,-175.2,77.16,88,75,5.75,broken clouds
111,Chontalpa,MX,17.7,-93.5167,81.63,52,25,6.02,scattered clouds
112,Narsaq,GL,60.9167,-46.05,37.62,79,100,5.7,overcast clouds
113,Balkhash,KZ,46.844,74.9804,70.41,43,0,24.61,clear sky
114,Castro,BR,-24.7911,-50.0119,43.21,82,1,2.86,clear sky
115,Nelson Bay,AU,-32.7167,152.15,59.0,97,100,12.75,moderate rain
116,Nacala,MZ,-14.5428,40.6728,74.3,83,3,1.21,clear sky
117,Hamilton,US,39.1834,-84.5333,66.97,96,100,5.75,overcast clouds
118,Agadir,MA,30.4202,-9.5982,63.05,87,69,2.33,broken clouds
119,Ostrovnoy,RU,68.0531,39.5131,32.13,67,66,10.22,broken clouds
120,Uusikaupunki,FI,60.8004,21.4084,47.16,52,100,8.21,overcast clouds
121,North Battleford,CA,52.7834,-108.2847,37.49,65,0,0.0,clear sky
122,Andros Town,BS,24.7,-77.7667,80.56,87,29,14.29,scattered clouds
123,Strzelce Krajenskie,PL,52.8773,15.5298,53.37,91,57,10.13,broken clouds
124,Mollendo,PE,-17.0231,-72.0147,64.0,85,100,5.55,overcast clouds
125,Laguna,US,38.421,-121.4238,73.4,36,0,6.91,clear sky
126,Marrakesh,MA,31.6315,-8.0083,64.47,77,0,6.91,clear sky
127,Arraial Do Cabo,BR,-22.9661,-42.0278,68.47,74,11,6.06,few clouds
128,Neryungri,RU,56.6709,124.6491,46.42,75,100,4.23,overcast clouds
129,Kahului,US,20.8947,-156.47,78.82,70,20,20.0,few clouds
130,Mishima,JP,35.1167,138.9167,68.54,69,62,4.79,broken clouds
131,Upernavik,GL,72.7868,-56.1549,28.45,87,100,2.53,overcast clouds
132,Brae,GB,60.3964,-1.353,49.71,89,100,7.54,light rain
133,Balikpapan,ID,-1.2675,116.8289,86.99,74,20,4.61,few clouds
134,Barongis,PH,7.2611,124.5642,88.34,68,83,1.32,broken clouds
135,Andenes,NO,69.3143,16.1194,46.38,93,100,3.44,overcast clouds
136,Jaisalmer,IN,26.9147,70.9181,99.82,17,0,12.01,clear sky
137,Guane,CU,22.2025,-84.0875,79.36,81,90,11.07,overcast clouds
138,Lebu,CL,-37.6167,-73.65,52.79,89,97,15.01,overcast clouds
139,Ashcroft,CA,50.7165,-121.2859,50.49,51,43,1.41,scattered clouds
140,San Cristobal,VE,7.7669,-72.225,73.58,85,17,2.95,few clouds
141,Tasiilaq,GL,65.6145,-37.6368,32.16,71,51,4.05,broken clouds
142,Spanish Town,JM,17.9911,-76.9574,82.02,76,20,6.91,few clouds
143,Qaqortoq,GL,60.7167,-46.0333,39.24,82,100,11.39,overcast clouds
144,Ucluelet,CA,48.9329,-125.5528,50.09,88,4,7.2,clear sky
145,Namibe,AO,-15.1961,12.1522,66.33,63,42,1.79,scattered clouds
146,Sheridan,US,44.8333,-106.9173,39.92,66,75,0.0,broken clouds
147,Vestmanna,FO,62.1564,-7.1664,45.52,100,100,11.5,light rain
148,Khatanga,RU,71.9667,102.5,36.21,86,100,8.14,overcast clouds
149,Souillac,MU,-20.5167,57.5167,77.38,69,75,9.22,light rain
150,Porto Novo,BJ,6.4965,2.6036,75.02,92,100,8.3,light rain
151,Kandrian,PG,-6.2167,149.55,84.94,71,59,6.64,light rain
152,Cayenne,GF,4.9333,-52.3333,76.08,1,0,0.0,clear sky
153,Cidreira,BR,-30.1811,-50.2056,55.58,81,97,4.18,overcast clouds
154,Russell,US,32.3502,-85.1999,72.63,94,0,4.61,clear sky
155,Jamestown,US,42.097,-79.2353,64.02,95,20,5.75,mist
156,Norman Wells,CA,65.282,-126.8329,41.04,93,100,3.44,light intensity shower rain
157,Mangrol,IN,21.1167,70.1167,86.5,67,90,20.65,overcast clouds
158,Yulara,AU,-25.2406,130.9889,71.51,26,66,6.93,broken clouds
159,Cape Town,ZA,-33.9258,18.4232,56.12,90,0,5.75,clear sky
160,Asau,RO,46.4333,26.4,61.95,50,95,1.05,overcast clouds
161,Tokur,RU,53.1333,132.9,48.47,51,84,2.53,broken clouds
162,Vanavara,RU,60.34,102.2797,45.18,86,100,6.46,overcast clouds
163,Almas,RO,46.2833,22.2333,58.66,78,30,2.04,scattered clouds
164,Calabozo,VE,8.9242,-67.4293,78.66,68,34,8.32,scattered clouds
165,Mamlyutka,KZ,54.9375,68.5394,51.82,63,100,13.91,overcast clouds
166,Bathsheba,BB,13.2167,-59.5167,81.21,78,40,19.57,scattered clouds
167,Yunhe,CN,34.0833,119.7167,90.45,24,80,6.46,broken clouds
168,Te Anau,NZ,-45.4167,167.7167,42.4,79,52,4.29,broken clouds
169,Odweyne,SO,9.4092,45.064,78.06,54,100,16.24,overcast clouds
170,Mehamn,NO,71.0357,27.8492,40.91,96,100,5.91,overcast clouds
171,Sault Sainte Marie,CA,46.5168,-84.3333,39.76,81,100,5.75,overcast clouds
172,Qaanaaq,GL,77.484,-69.3632,13.87,86,99,6.04,overcast clouds
173,Eirunepe,BR,-6.6603,-69.8736,73.56,84,100,2.37,overcast clouds
174,Vestmannaeyjar,IS,63.4427,-20.2734,47.88,79,14,10.71,few clouds
175,Provideniya,RU,64.3833,-173.3,49.01,53,99,10.65,overcast clouds
176,Swift Current,CA,50.2834,-107.8014,38.21,56,0,11.5,clear sky
177,Torbay,CA,47.6666,-52.7314,52.57,58,100,12.66,overcast clouds
178,Bambanglipuro,ID,-7.95,110.2833,86.54,62,57,2.82,broken clouds
179,Rotenburg,DE,53.1167,9.4,49.82,93,86,5.12,overcast clouds
180,Saint-Louis,SN,16.3333,-15.0,69.82,72,82,12.41,broken clouds
181,Sovetskiy,RU,61.3614,63.5842,42.39,90,100,13.47,overcast clouds
182,Cherskiy,RU,68.75,161.3,59.52,35,33,14.65,scattered clouds
183,Bud,US,39.447,-86.1758,68.02,96,94,6.6,overcast clouds
184,Taft,IR,31.7471,54.2088,67.95,24,27,11.5,dust
185,Tezu,IN,27.9167,96.1667,86.43,63,39,3.51,scattered clouds
186,Meadow Lake,US,34.8014,-106.5436,62.47,31,95,15.37,overcast clouds
187,Hirara,JP,24.8,125.2833,78.66,78,75,12.66,broken clouds
188,Isla Mujeres,MX,21.2311,-86.731,84.25,83,98,20.42,overcast clouds
189,Marawi,PH,7.9986,124.2928,78.03,82,89,3.15,overcast clouds
190,Saint-Philippe,RE,-21.3585,55.7679,76.59,74,18,9.69,few clouds
191,Vila Franca Do Campo,PT,37.7167,-25.4333,68.2,97,100,3.83,overcast clouds
192,Xinqing,CN,48.2333,129.5,68.25,22,48,7.38,scattered clouds
193,Inhambane,MZ,-23.865,35.3833,67.98,100,75,6.91,moderate rain
194,Pokrovsk,UA,48.282,37.1758,57.85,83,91,15.17,overcast clouds
195,Sao Filipe,CV,14.8961,-24.4956,71.19,79,69,6.35,broken clouds
196,Gigmoto,PH,13.7796,124.39,85.17,71,100,7.47,light rain
197,Murchison,NZ,-41.8,172.3333,48.18,95,87,3.09,overcast clouds
198,Upata,VE,8.0086,-62.3989,74.19,85,73,5.48,broken clouds
199,Lagoa,PT,39.05,-27.9833,61.97,95,100,2.17,overcast clouds
200,Ambon,ID,-3.6954,128.1814,87.94,66,40,3.44,scattered clouds
201,Iquitos,PE,-3.7481,-73.2472,75.24,94,75,3.44,broken clouds
202,Sangar,RU,63.9242,127.4739,52.84,58,47,8.01,light rain
203,Saint George,US,37.1041,-113.5841,69.26,17,0,5.75,clear sky
204,Senanga,ZM,-16.1167,23.2667,43.63,34,13,5.84,few clouds
205,Palana,RU,59.1167,159.9667,39.85,84,99,3.8,overcast clouds
206,Senador Jose Porfirio,BR,-2.5908,-51.9542,72.03,96,81,1.68,broken clouds
207,Manavalakurichi,IN,8.1333,77.3,84.0,73,43,17.72,scattered clouds
208,Hambantota,LK,6.1241,81.1185,87.57,65,69,20.76,broken clouds
209,Henties Bay,NA,-22.116,14.2845,59.68,44,6,5.32,clear sky
210,San Juan,AR,-31.5375,-68.5364,55.49,31,89,4.54,overcast clouds
211,Sungaipenuh,ID,-2.0833,101.3833,81.32,52,80,5.37,broken clouds
212,Ughelli,NG,5.4899,6.0074,73.26,97,90,2.53,overcast clouds
213,Coquimbo,CL,-29.9533,-71.3436,53.33,100,100,4.61,mist
214,Alappuzha,IN,9.49,76.3264,81.52,80,94,11.1,overcast clouds
215,Masumbwe,TZ,-3.6333,32.1833,65.5,76,100,2.68,overcast clouds
216,Ozinki,RU,51.1786,49.6769,50.49,57,100,9.13,overcast clouds
217,College,US,64.8569,-147.8028,66.52,35,75,12.66,broken clouds
218,Chara,RU,56.9064,118.2631,56.28,48,100,3.11,overcast clouds
219,Mackenzie,CA,55.2999,-123.1698,48.42,37,0,2.3,clear sky
220,Westport,US,41.1415,-73.3579,74.44,90,0,0.0,clear sky
221,Carmelo,UY,-33.9892,-58.2856,50.34,83,1,5.64,clear sky
222,Cozumel,MX,20.5083,-86.9458,81.95,81,66,17.58,broken clouds
223,Aklavik,CA,68.2191,-135.0107,34.66,86,99,4.97,overcast clouds
224,Buta,CD,2.7858,24.73,69.69,92,100,0.31,overcast clouds
225,Sola,VU,-13.8833,167.55,81.5,74,36,2.13,scattered clouds
226,Lanigan,CA,51.8501,-105.0344,44.49,56,52,5.32,broken clouds
227,Clyde River,CA,70.4692,-68.5914,19.63,93,100,16.11,light snow
228,Cukai,MY,4.25,103.4167,89.55,64,91,5.7,overcast clouds
229,Smithers,CA,54.7804,-127.1743,55.72,30,0,2.3,clear sky
230,Makakilo City,US,21.3469,-158.0858,80.92,60,0,16.11,clear sky
231,Luderitz,NA,-26.6481,15.1594,55.51,59,4,5.64,clear sky
232,Katsuura,JP,35.1333,140.3,67.3,71,89,12.12,overcast clouds
233,Great Yarmouth,GB,52.6083,1.7305,53.42,87,90,7.05,overcast clouds
234,Hetauda,NP,27.4284,85.0322,72.75,37,8,5.17,clear sky
235,Mayo,US,38.8876,-76.5119,80.73,62,0,9.22,clear sky
236,Semme,FR,46.1963,1.5007,66.61,93,96,3.6,overcast clouds
237,Pevek,RU,69.7008,170.3133,36.91,92,84,5.68,broken clouds
238,Chuy,UY,-33.6971,-53.4616,49.86,91,95,5.55,overcast clouds
239,Amahai,ID,-3.3333,128.9167,83.82,74,52,6.8,broken clouds
240,Harnosand,SE,62.6323,17.9379,44.6,58,100,1.12,overcast clouds
241,Keti Bandar,PK,24.1447,67.4497,86.07,73,58,25.37,broken clouds
242,Valparaiso,CL,-33.0393,-71.6273,58.48,77,40,0.0,scattered clouds
243,Okha,RU,53.5739,142.9478,35.29,99,100,4.29,snow
244,Pingzhuang,CN,42.0372,119.2889,83.61,15,7,3.42,clear sky
245,Irupi,BR,-20.3453,-41.6411,51.04,95,0,1.54,clear sky
246,Pitkyaranta,RU,61.5734,31.4792,39.6,55,2,6.71,clear sky
247,Longyearbyen,SJ,78.2186,15.6401,35.44,80,75,2.3,light snow
248,Santander,ES,43.4647,-3.8044,65.46,93,0,5.99,clear sky
249,Guayape,HN,14.7167,-86.8333,69.66,90,92,3.69,overcast clouds
250,Kirkuk,IQ,35.4681,44.3922,82.71,12,98,7.0,overcast clouds
251,Ilulissat,GL,69.2167,-51.1,44.62,45,75,23.02,broken clouds
252,Raudeberg,NO,61.9875,5.1352,49.87,87,99,14.38,overcast clouds
253,Kawalu,ID,-7.3817,108.2082,77.04,86,97,2.3,overcast clouds
254,Kutum,SD,14.2,24.6667,74.34,21,73,11.32,broken clouds
255,Constitucion,CL,-35.3333,-72.4167,53.08,71,100,4.94,overcast clouds
256,Sao Joao Da Barra,BR,-21.6403,-41.0511,63.0,89,13,5.44,few clouds
257,Port Hardy,CA,50.6996,-127.4199,48.38,87,20,2.3,fog
258,San Vicente,AR,-26.6167,-54.1333,46.67,84,42,2.15,scattered clouds
259,Poum,NC,-20.2333,164.0167,78.33,81,22,17.43,few clouds
260,Lae,PG,-6.7221,146.9847,93.87,63,28,7.56,scattered clouds
261,Sitka,US,57.0531,-135.33,53.49,58,0,3.44,clear sky
262,Xining,CN,36.6167,101.7667,69.08,30,0,3.67,clear sky
263,Iqaluit,CA,63.7506,-68.5145,31.73,80,100,17.27,overcast clouds
264,Togur,RU,58.3631,82.8265,70.38,43,31,9.95,scattered clouds
265,Luganville,VU,-15.5333,167.1667,81.09,82,55,1.92,broken clouds
266,Viedma,AR,-40.8135,-62.9967,54.57,43,100,15.19,overcast clouds
267,Beloha,MG,-25.1667,45.05,70.3,45,0,3.18,clear sky
268,Lawton,US,34.6087,-98.3903,60.71,44,20,23.02,few clouds
269,Sembe,CG,1.6481,14.5806,68.27,99,89,2.08,overcast clouds
270,Taiobeiras,BR,-15.8078,-42.2331,50.95,94,8,2.95,clear sky
271,Malakal,SS,9.5334,31.6605,78.1,69,98,5.17,overcast clouds
272,Georgetown,MY,5.4112,100.3354,89.53,72,20,10.36,thunderstorm
273,Vydrino,RU,51.485,104.8461,61.5,46,34,4.36,scattered clouds
274,Karwar,IN,14.8,74.1333,83.07,76,74,7.02,broken clouds
275,Saint Pete Beach,US,27.7253,-82.7412,75.2,76,75,10.36,broken clouds
276,Miram Shah,PK,33.0086,70.0697,90.16,9,0,6.58,clear sky
277,Mugur-Aksy,RU,50.35,90.5,63.72,24,84,8.21,broken clouds
278,Lere,NG,10.387,8.5726,71.17,86,85,4.76,overcast clouds
279,Barsovo,RU,61.1667,73.1667,57.33,56,100,22.26,overcast clouds
280,Cockburn Town,TC,21.4612,-71.1419,79.38,82,100,19.1,overcast clouds
281,Forestville,US,38.8451,-76.875,79.83,68,0,10.36,clear sky
282,Yar-Sale,RU,66.8333,70.8333,35.83,67,100,15.12,overcast clouds
283,Naryan-Mar,RU,67.6713,53.087,29.32,73,98,18.97,overcast clouds
284,Kuri,KR,37.5986,127.1394,80.28,50,40,8.05,scattered clouds
285,Somerset,US,40.5668,-74.5496,80.46,84,0,0.0,clear sky
286,Ambulu,ID,-8.345,113.6058,87.12,60,54,4.23,broken clouds
287,Misratah,LY,32.3754,15.0925,65.64,48,0,7.74,clear sky
288,Nan,TH,18.8333,100.6667,84.22,74,40,9.22,scattered clouds
289,North Myrtle Beach,US,33.816,-78.68,75.38,87,0,13.8,clear sky
290,Nemuro,JP,43.3236,145.575,52.18,93,94,13.49,overcast clouds
291,Riwaka,NZ,-41.0833,173.0,59.0,62,48,8.32,scattered clouds
292,Beringovskiy,RU,63.05,179.3167,38.01,82,100,9.4,overcast clouds
293,Kyra,RU,49.5776,111.9753,71.49,24,92,15.08,overcast clouds
294,Vao,NC,-22.6667,167.4833,73.94,86,65,24.7,broken clouds
295,Raga,SS,8.4596,25.678,74.03,75,99,0.81,overcast clouds
296,Quatre Cocos,MU,-20.2078,57.7625,77.11,71,22,14.94,light rain
297,Saint-Augustin,CA,51.226,-58.6502,45.05,93,100,16.04,overcast clouds
298,Shelburne,CA,44.0787,-80.2041,56.23,87,94,2.8,overcast clouds
299,Vila Velha,BR,-20.3297,-40.2925,60.75,94,40,2.3,scattered clouds
300,Apache Junction,US,33.4151,-111.5496,82.42,25,0,5.75,clear sky
301,Walvis Bay,NA,-22.9575,14.5053,50.95,50,5,6.91,clear sky
302,Saldanha,ZA,-33.0117,17.9442,54.97,82,53,4.07,broken clouds
303,Mackay,AU,-21.15,149.2,76.68,79,100,17.38,overcast clouds
304,Borodyanka,UA,50.6448,29.9201,54.5,73,79,18.54,broken clouds
305,Bengkulu,ID,-3.8004,102.2655,84.61,65,56,6.44,broken clouds
306,Portland,US,45.5234,-122.6762,61.38,64,20,10.36,few clouds
307,Pacific Grove,US,36.6177,-121.9166,55.24,86,100,5.75,overcast clouds
308,Marysville,US,48.0518,-122.1771,54.48,87,0,5.75,clear sky
309,Hofn,IS,64.2539,-15.2082,46.36,87,100,15.93,overcast clouds
310,San Lucas,MX,16.6,-92.7167,75.96,65,100,0.69,overcast clouds
311,Natal,BR,-5.795,-35.2094,77.22,94,75,6.91,light rain
312,Totness,SR,5.8833,-56.3167,75.34,92,100,10.22,light rain
313,Pandan,PH,14.0453,124.1694,83.79,80,100,3.87,moderate rain
314,Teahupoo,PF,-17.8333,-149.2667,75.16,73,28,11.12,scattered clouds
315,Palasa,IN,18.7667,84.4167,97.83,41,51,8.75,broken clouds
316,Nanortalik,GL,60.1432,-45.2371,39.33,85,100,9.42,overcast clouds
317,Port Macquarie,AU,-31.4333,152.9167,58.89,100,100,4.61,light rain
318,Rosarito,MX,32.3333,-117.0333,61.75,74,56,5.06,broken clouds
319,Hovd,MN,48.0056,91.6419,70.52,15,46,4.83,scattered clouds
320,Ahtopol,BG,42.1,27.95,65.19,65,44,6.85,scattered clouds
321,Tabou,CI,4.423,-7.3528,74.21,92,100,5.19,moderate rain
322,Lasa,IT,46.6166,10.7002,58.08,61,26,5.06,scattered clouds
323,Jiangkou,CN,25.4872,119.1986,68.58,86,100,7.92,overcast clouds
324,Klyuchi,RU,52.2667,79.1667,75.33,39,100,12.44,overcast clouds
325,Okhotsk,RU,59.3833,143.3,34.05,97,100,9.06,light snow
326,Sao Miguel Do Araguaia,BR,-13.275,-50.1628,58.8,38,0,4.29,clear sky
327,Severnyy,RU,50.677,36.5532,53.64,94,75,15.66,broken clouds
328,Liuzhou,CN,24.3126,109.3892,71.73,90,100,5.95,overcast clouds
329,Pisco,PE,-13.7,-76.2167,59.05,94,100,5.75,mist
330,Bosaso,SO,11.2842,49.1816,89.58,62,0,8.05,clear sky
331,Bardiyah,LY,31.7561,25.0865,65.08,74,0,20.6,clear sky
332,Kaminoyama,JP,38.1539,140.2736,61.74,93,100,2.13,overcast clouds
333,Antofagasta,CL,-23.65,-70.4,58.28,71,33,6.2,scattered clouds
334,Banda Aceh,ID,5.5577,95.3222,86.97,67,15,17.58,few clouds
335,Fortuna,US,40.5982,-124.1573,51.93,89,100,10.36,overcast clouds
336,Zhezkazgan,KZ,47.8043,67.7144,55.38,33,75,26.84,broken clouds
337,Whitianga,NZ,-36.8333,175.7,60.62,66,7,14.0,clear sky
338,Grindavik,IS,63.8424,-22.4338,43.27,87,0,18.41,clear sky
339,Sinnamary,GF,5.3833,-52.95,76.69,89,100,9.42,overcast clouds
340,Balancan,MX,17.8,-91.5333,80.91,74,86,11.81,overcast clouds
341,Klaksvik,FO,62.2266,-6.589,47.32,88,100,12.77,overcast clouds
342,Susehri,TR,40.1644,38.0867,61.43,39,0,3.76,clear sky
343,Karratha,AU,-20.7377,116.8463,82.02,62,100,7.07,light rain
344,Zyryanka,RU,65.75,150.85,56.57,36,98,9.48,overcast clouds
345,Padang,ID,-0.9492,100.3543,87.85,68,74,5.59,broken clouds
346,Guangshui,CN,31.6199,113.9978,81.3,48,100,5.23,overcast clouds
347,Bazarnyye Mataki,RU,54.8833,49.9333,40.95,66,34,9.78,scattered clouds
348,Santa Maria Do Para,BR,-1.3503,-47.5756,70.32,96,52,2.39,broken clouds
349,Muros,ES,42.7762,-9.0603,64.09,92,90,0.81,light rain
350,Lodja,CD,-3.4833,23.4333,69.37,98,99,1.61,overcast clouds
351,Blythe,US,33.6103,-114.5964,83.03,24,0,6.91,clear sky
352,Tiksi,RU,71.6872,128.8694,31.39,92,100,4.94,overcast clouds
353,Indramayu,ID,-6.3264,108.32,78.58,86,100,9.4,light rain
354,Rey Bouba,CM,8.6724,14.1786,78.87,71,100,2.73,overcast clouds
355,Taksimo,RU,56.3444,114.8794,59.43,56,100,2.15,light rain
356,Masuda,JP,34.6667,131.85,77.27,50,20,11.5,few clouds
357,Sioux Lookout,CA,50.1001,-91.917,37.47,81,100,2.3,overcast clouds
358,Prince Rupert,CA,54.3161,-130.3201,56.89,55,0,4.61,clear sky
359,Khandbari,NP,27.3747,87.2039,81.97,48,54,4.47,broken clouds
360,Novikovo,RU,51.1537,37.8879,52.36,96,100,4.65,overcast clouds
361,Azangaro,PE,-14.9167,-70.2167,41.7,73,96,3.22,overcast clouds
362,Pacifica,US,37.6138,-122.4869,62.58,80,0,13.8,clear sky
363,Kalach-Na-Donu,RU,48.691,43.5264,56.07,89,100,17.56,overcast clouds
364,Sunrise Manor,US,36.2111,-115.0731,79.79,12,0,8.05,clear sky
365,Faya,SA,18.3851,42.4509,75.72,9,31,7.07,scattered clouds
366,Srandakan,ID,-7.9386,110.2506,86.52,62,59,1.9,broken clouds
367,Tommot,RU,58.9564,126.2925,57.4,56,85,2.39,light rain
368,Leningradskiy,RU,69.3833,178.4167,34.21,96,97,11.05,overcast clouds
369,Ambrolauri,GE,42.5211,43.1622,64.56,42,0,3.89,clear sky
370,Cabo San Lucas,MX,22.8909,-109.9124,73.62,64,1,1.99,clear sky
371,Pucara,PE,-15.9803,-71.4606,33.17,44,98,3.71,overcast clouds
372,Awjilah,LY,29.1081,21.2869,63.88,68,0,8.55,clear sky
373,Nanga Eboko,CM,4.6833,12.3667,67.98,99,99,1.14,light rain
374,Lata,PT,40.1629,-8.3327,62.08,88,91,5.01,overcast clouds
375,Port Hawkesbury,CA,45.6169,-61.3485,53.55,77,100,8.05,overcast clouds
376,Reconquista,AR,-29.15,-59.65,53.26,87,100,3.78,overcast clouds
377,Ellsworth,US,44.5434,-68.4195,59.29,97,100,3.44,fog
378,Hervey Bay,AU,-25.2986,152.8535,68.02,93,66,5.99,light rain
379,Mapiripan,CO,2.8892,-72.1256,71.22,97,100,1.41,light rain
380,Sao Jose Da Coroa Grande,BR,-8.8978,-35.1478,76.78,84,91,13.98,overcast clouds
381,Malpura,IN,26.2833,75.3833,97.02,29,0,14.79,clear sky
382,Nome,US,64.5011,-165.4064,61.16,39,0,6.91,clear sky
383,Leku,ET,6.8667,38.45,65.23,79,96,2.17,overcast clouds
384,Pozo Colorado,PY,-23.4923,-58.7972,54.45,77,49,5.75,scattered clouds
385,Beitbridge,ZW,-22.2167,30.0,59.72,56,52,3.58,broken clouds
386,Kommunar,RU,59.6206,30.39,46.51,53,0,7.61,clear sky
387,Roald,NO,62.5833,6.1333,52.32,87,75,5.75,light rain
388,Sakakah,SA,29.9697,40.2064,83.77,14,0,12.59,clear sky
389,Tahoua,NE,14.8888,5.2692,85.98,39,40,4.61,scattered clouds
390,Basco,PH,20.4487,121.9702,80.6,77,61,11.9,broken clouds
391,Srednekolymsk,RU,67.45,153.6833,55.33,48,100,10.42,overcast clouds
392,Puerto Ayacucho,VE,5.6639,-67.6236,73.72,93,100,5.23,overcast clouds
393,Alofi,NU,-19.0595,-169.9187,76.89,88,22,2.3,few clouds
394,Kathmandu,NP,27.7167,85.3167,62.82,94,75,6.91,broken clouds
395,Alyangula,AU,-13.8483,136.4192,84.02,63,37,13.09,scattered clouds
396,Kirundo,BI,-2.5833,30.1667,60.87,90,100,1.16,overcast clouds
397,Atemar,RU,54.181,45.4091,39.13,91,86,5.5,overcast clouds
398,Guerrero Negro,MX,27.9769,-114.0611,60.64,78,96,13.58,overcast clouds
399,Fano,IT,43.8204,13.0121,71.31,62,20,6.04,few clouds
400,Coihaique,CL,-45.5752,-72.0662,36.21,93,100,4.61,overcast clouds
401,Taltal,CL,-25.4,-70.4833,61.45,69,13,2.93,few clouds
402,Pontianak,ID,-0.0333,109.3333,84.18,74,75,9.22,broken clouds
403,Skelleftea,SE,64.7507,20.9528,53.96,54,89,5.75,overcast clouds
404,Mayumba,GA,-3.432,10.6554,73.0,87,94,4.12,overcast clouds
405,Miranda,CO,3.2499,-76.2281,64.53,89,21,5.14,few clouds
406,Krasnik,PL,50.9236,22.2271,53.28,81,65,15.14,broken clouds
407,Ugoofaaru,MV,5.6667,73.0,83.52,77,31,14.38,scattered clouds
408,Molepolole,BW,-24.4066,25.4951,41.14,89,60,5.46,broken clouds
409,Puri,IN,19.8,85.85,91.54,60,61,4.09,light rain
410,Husavik,IS,66.0449,-17.3389,39.0,98,100,11.03,overcast clouds
411,Princeton,US,25.5384,-80.4089,83.01,85,75,14.97,broken clouds
412,Sept-Iles,CA,50.2001,-66.3821,46.92,97,100,2.3,light intensity drizzle
413,Gayeri,BF,12.6497,0.4931,81.52,64,79,7.67,broken clouds
414,Blagoyevo,RU,63.3667,47.9167,33.06,82,100,11.3,light snow
415,Isangel,VU,-19.55,169.2667,78.51,86,55,12.77,broken clouds
416,Cuamba,MZ,-14.8031,36.5372,64.87,77,8,3.83,clear sky
417,Llanes,ES,43.4198,-4.7549,65.75,87,100,2.66,overcast clouds
418,Deputatskiy,RU,69.3,139.9,31.39,100,100,1.36,overcast clouds
419,Rockland,US,41.1668,-74.0496,78.85,87,4,4.65,clear sky
420,Nueva Concepcion,GT,14.2,-91.3,77.05,89,93,4.94,overcast clouds
421,Mwene-Ditu,CD,-7.0,23.45,66.4,87,77,2.08,broken clouds
422,Cairns,AU,-16.9167,145.7667,87.06,72,40,11.5,scattered clouds
423,Highland Village,US,33.0918,-97.0467,65.21,63,100,17.27,overcast clouds
424,Lavrentiya,RU,65.5833,-171.0,37.92,83,99,9.48,overcast clouds
425,Saint-Pierre,RE,-21.3393,55.4781,76.91,47,0,6.91,clear sky
426,Mizque,BO,-17.941,-65.3402,52.25,88,67,3.13,broken clouds
427,Linguere,SN,15.3953,-15.1193,69.94,76,87,10.13,overcast clouds
428,Somova,RO,45.1833,28.6667,68.29,46,0,14.97,clear sky
429,Flinders,AU,-34.5833,150.8552,63.18,80,86,4.0,heavy intensity rain
430,Alice Springs,AU,-23.7,133.8833,72.95,32,1,5.75,clear sky
431,Gobabis,NA,-22.45,18.9667,40.33,87,0,5.95,clear sky
432,Sijunjung,ID,-0.6876,100.9537,90.41,50,72,2.13,broken clouds
433,Kailua,US,21.4022,-157.7394,82.38,75,0,8.05,clear sky
434,Oyama,JP,36.3,139.8,71.98,48,52,5.93,broken clouds
435,Haapiti,PF,-17.5667,-149.8667,80.33,71,17,10.98,few clouds
436,Dublin,US,37.7021,-121.9358,65.91,65,0,3.44,clear sky
437,Mirnyy,RU,62.5353,113.9611,66.24,27,97,11.01,overcast clouds
438,Pangnirtung,CA,66.1451,-65.7125,28.17,82,100,8.23,overcast clouds
439,Mezhova,UA,48.2532,36.7347,58.59,83,85,15.1,overcast clouds
440,Nouadhibou,MR,20.931,-17.0347,64.38,94,75,17.27,broken clouds
441,Ko Samui,TH,9.5357,99.9357,89.51,62,20,5.75,few clouds
442,Rio Grande,BR,-32.035,-52.0986,54.05,82,100,6.13,overcast clouds
443,Teya,RU,60.3778,92.6267,54.64,54,43,7.9,scattered clouds
444,Santa Marta,CO,11.2408,-74.199,84.25,68,40,15.99,scattered clouds
445,Brownwood,US,31.7093,-98.9912,65.52,59,100,12.66,overcast clouds
446,Kavaratti,IN,10.5669,72.642,82.67,80,99,18.45,overcast clouds
447,Prado,BR,-17.3411,-39.2208,68.61,78,0,7.34,clear sky
448,Road Town,VG,18.4167,-64.6167,78.89,68,84,16.13,broken clouds
449,Sant Pere De Ribes,ES,41.2667,1.7667,75.34,25,99,4.0,overcast clouds
450,Fairbanks,US,64.8378,-147.7164,66.54,35,40,12.66,scattered clouds
451,Geraldton,AU,-28.7667,114.6,64.81,88,100,26.46,overcast clouds
452,Bereda,ES,43.2686,-7.5406,55.24,100,72,2.1,broken clouds
453,Santiago Del Estero,AR,-27.7951,-64.2615,55.08,52,48,4.41,scattered clouds
454,San Diego,US,32.7153,-117.1573,62.55,80,100,5.75,overcast clouds
455,Chinsali,ZM,-10.5414,32.0816,61.84,88,99,1.66,overcast clouds
456,Necochea,AR,-38.5473,-58.7368,48.07,68,0,6.15,clear sky
457,Cancun,MX,21.1743,-86.8466,84.13,74,75,20.71,haze
458,Kampot,KH,10.6167,104.1833,82.45,69,99,12.55,light rain
459,Port Blair,IN,11.6667,92.75,87.84,74,75,17.27,mist
460,Nizhniy Baskunchak,RU,48.2198,46.8311,52.93,92,100,14.05,light rain
461,Los Llanos De Aridane,ES,28.6585,-17.9182,64.15,68,40,10.36,scattered clouds
462,Manhattan,US,40.7834,-73.9662,80.6,70,0,5.99,clear sky
463,San Quintin,MX,30.4833,-115.95,59.22,77,60,3.62,broken clouds
464,Juba,SS,4.8517,31.5825,73.29,79,76,0.34,broken clouds
465,Mglin,RU,53.0591,32.8475,45.99,98,100,9.6,moderate rain
466,Hualmay,PE,-11.0964,-77.6139,63.41,88,74,7.34,broken clouds
467,Ahipara,NZ,-35.1667,173.1667,61.3,72,100,12.33,overcast clouds
468,Chililabombwe,ZM,-12.3648,27.8229,57.18,80,43,3.29,scattered clouds
469,Galyugayevskaya,RU,43.6969,44.9344,66.61,51,3,4.68,clear sky
470,Nizwa,OM,22.9333,57.5333,96.58,15,0,5.14,clear sky
471,Wanning,CN,18.8003,110.3967,85.06,73,99,9.4,overcast clouds
472,Florianopolis,BR,-27.6146,-48.5012,54.63,94,0,6.91,clear sky
473,Ous,RU,60.9058,61.5186,34.18,99,100,9.37,snow
474,Nova Venecia,BR,-18.7106,-40.4006,60.24,95,0,3.98,clear sky
475,Pochutla,MX,15.7432,-96.4661,76.82,77,98,4.38,overcast clouds
476,Shakiso,ET,5.75,38.9167,64.22,92,100,1.63,light rain
477,Zlobin,HR,45.2924,14.6541,65.5,70,0,6.91,clear sky
478,Kita,ML,13.0349,-9.4895,82.09,48,99,6.71,overcast clouds
479,Olafsvik,IS,64.8945,-23.7142,40.24,84,53,18.39,broken clouds
480,Kasungu,MW,-13.0333,33.4833,64.36,79,32,4.7,scattered clouds
481,Bataipora,BR,-22.2953,-53.2711,51.53,68,92,3.87,overcast clouds
482,Tashtyp,RU,52.7939,89.8983,73.85,34,100,6.73,overcast clouds
483,Cuenca,EC,-2.8833,-78.9833,51.93,87,65,3.44,broken clouds
484,Verkhoyansk,RU,67.5447,133.385,52.0,47,100,1.28,light rain
485,Marystown,CA,47.1666,-55.1483,49.86,100,63,5.41,broken clouds
486,Barahona,DO,18.2085,-71.1008,76.82,84,98,3.13,overcast clouds
487,Ponta Delgada,PT,37.7333,-25.6667,68.5,94,75,3.44,light intensity drizzle
488,Roma,US,43.2128,-75.4557,69.96,82,20,4.61,few clouds
489,Grand-Santi,GF,4.25,-54.3833,71.78,100,100,1.88,overcast clouds
490,Dapaong,TG,10.8639,0.205,77.85,69,97,8.57,overcast clouds
491,Leh,IN,34.1667,77.5833,49.86,37,26,3.87,scattered clouds
492,Dunnville,CA,42.9001,-79.6163,63.1,98,100,3.13,overcast clouds
493,Saint-Georges,GD,12.0564,-61.7485,80.29,70,42,16.51,scattered clouds
494,Chapleau,CA,47.8405,-83.4034,38.75,80,88,2.37,overcast clouds
495,Bulawayo,ZW,-20.15,28.5833,46.18,41,1,2.59,clear sky
496,Esperance,AU,-33.8667,121.9,75.04,50,22,17.87,few clouds
497,Cap Malheureux,MU,-19.9842,57.6142,74.46,75,2,8.01,light rain
498,Jerantut,MY,3.936,102.3626,93.51,48,95,0.85,overcast clouds
499,Bayanday,RU,53.0661,105.5139,67.05,39,77,14.23,broken clouds
500,Puerto Rico,AR,-26.796,-55.024,49.41,92,61,2.24,broken clouds
501,Comodoro Rivadavia,AR,-45.8667,-67.5,48.06,81,0,2.3,clear sky
502,Samarai,PG,-10.6167,150.6667,82.96,75,81,8.99,broken clouds
503,Clarence Town,AU,-32.5833,151.7833,58.86,89,100,5.35,light rain
504,Oranjemund,NA,-28.55,16.4333,51.17,80,7,5.26,clear sky
505,Polunochnoye,RU,60.8697,60.4153,32.79,98,100,11.23,snow
506,Inuvik,CA,68.3499,-133.7218,34.56,69,100,6.91,light snow
507,Ketchikan,US,55.3422,-131.6461,55.87,54,0,4.61,clear sky
508,Barabinsk,RU,55.3571,78.357,75.7,35,98,17.2,overcast clouds
509,Torrijos,ES,39.9819,-4.2835,64.06,70,82,7.67,broken clouds
510,Jardim De Piranhas,BR,-6.3786,-37.3519,72.61,88,68,6.17,broken clouds
511,Wanaka,NZ,-44.7,169.15,44.8,77,36,5.06,scattered clouds
512,Penzance,GB,50.1186,-5.5371,50.68,85,41,7.09,scattered clouds
513,Los Alamos,US,35.8881,-106.307,51.78,48,0,17.27,clear sky
514,Oriximina,BR,-1.7656,-55.8661,73.15,95,96,1.23,overcast clouds
515,Barcelos,PT,41.5388,-8.6151,62.85,96,97,2.17,overcast clouds
516,Erzin,TR,36.9559,36.2,77.79,28,2,4.38,clear sky
517,Svetlogorsk,BY,52.6333,29.7333,49.03,95,100,14.18,overcast clouds
518,Huarmey,PE,-10.0681,-78.1522,64.49,87,36,7.45,scattered clouds
519,Noyabrsk,RU,63.1994,75.4507,52.41,57,97,17.83,overcast clouds
520,Whitehorse,CA,60.7161,-135.0538,57.97,29,20,6.91,few clouds
521,Sawakin,SD,19.1059,37.3321,88.27,59,2,8.81,clear sky
522,Tura,IN,25.5198,90.2201,85.57,62,13,4.65,few clouds
523,Vuktyl,RU,63.8567,57.3094,39.24,67,100,13.06,overcast clouds
524,San Rafael,AR,-34.6177,-68.3301,53.04,30,100,8.93,overcast clouds
525,Rockport,US,28.0206,-97.0544,82.45,93,100,12.66,overcast clouds
526,Sao Felix Do Xingu,BR,-6.6447,-51.995,68.49,89,14,1.79,few clouds
527,Smoky Lake,CA,54.1169,-112.4686,47.12,31,47,3.44,scattered clouds
528,Krasnoselkup,RU,65.7,82.4667,52.63,51,40,3.4,scattered clouds
529,Ipora,BR,-16.4419,-51.1178,52.25,55,5,4.74,clear sky
530,Rugby,GB,52.3709,-1.2642,52.43,76,89,6.38,overcast clouds
531,Victoria Point,AU,-27.5833,153.3,66.9,93,98,4.0,light rain
532,Lardos,GR,36.0942,28.0157,68.95,59,92,8.08,overcast clouds
533,Chapais,CA,49.7834,-74.8492,40.78,70,86,5.53,overcast clouds
534,Kangaatsiaq,GL,68.3065,-53.4641,33.24,83,100,16.35,overcast clouds
535,Wick,GB,58.4333,-3.0833,51.85,87,100,12.66,overcast clouds
536,Pemangkat,ID,1.1667,108.9667,86.65,67,50,8.16,scattered clouds
537,Pinega,RU,64.7001,43.3936,34.86,57,100,11.59,overcast clouds
538,Beruwala,LK,6.4788,79.9828,83.52,77,39,13.04,scattered clouds
539,Gryfice,PL,53.9165,15.2003,53.83,83,27,6.76,scattered clouds
540,Sao Raimundo Nonato,BR,-9.0153,-42.6994,68.27,84,19,3.18,few clouds
541,Caravelas,BR,-17.7125,-39.2481,70.29,73,0,6.69,clear sky
542,Dakar,SN,14.6937,-17.4441,70.68,82,98,13.76,overcast clouds
543,Mahad,IN,18.0833,73.4167,94.12,42,87,10.02,overcast clouds
544,Yerbogachen,RU,61.2767,108.0108,58.78,64,84,8.46,light rain
545,Sumenep,ID,-7.0167,113.8667,86.27,67,73,14.43,broken clouds
546,Saint-Joseph,RE,-21.3667,55.6167,75.58,68,9,9.35,clear sky
547,Kenai,US,60.5544,-151.2583,61.03,24,100,11.5,overcast clouds
548,Clinton,US,42.587,-82.9199,66.22,84,100,0.0,overcast clouds
549,Pingliang,CN,35.5392,106.6861,75.79,39,1,10.78,clear sky
550,Adrar,MR,20.5022,-10.0711,85.78,11,1,7.65,clear sky
551,Moose Factory,CA,51.2585,-80.6094,39.2,75,100,3.44,overcast clouds
552,Pleasant Point,NZ,-44.2667,171.1333,50.29,87,20,4.05,few clouds
553,Todos Santos,MX,23.45,-110.2167,62.65,85,0,8.21,clear sky
554,Loughton,GB,52.0304,-0.7864,52.09,92,93,5.5,overcast clouds
555,Englewood,US,39.6478,-104.9878,42.44,78,20,1.01,few clouds
556,Nianzishan,CN,47.5167,122.8833,78.58,23,11,13.02,few clouds
557,Constantine,DZ,36.365,6.6147,58.41,47,0,0.0,clear sky
558,Petropavlovsk-Kamchatskiy,RU,53.0452,158.6483,46.99,76,75,8.95,broken clouds
559,Vardo,NO,70.3705,31.1107,39.18,87,100,18.41,overcast clouds
560,Nyuksenitsa,RU,60.4128,44.2397,33.8,67,100,9.64,light snow
561,Kapit,MY,2.0167,112.9333,93.97,46,78,0.92,broken clouds
562,Soe,ID,-9.8607,124.284,80.55,47,21,10.09,few clouds
563,Sebezh,RU,56.2955,28.4654,45.0,80,48,9.35,scattered clouds
564,Linhares,BR,-19.3911,-40.0722,60.44,94,0,4.05,clear sky
565,Tautira,PF,-17.7333,-149.15,79.75,72,23,10.76,few clouds
566,Maturin,VE,9.75,-63.1767,72.39,90,26,4.83,scattered clouds
567,Nabire,ID,-3.3667,135.4833,83.61,74,89,4.21,overcast clouds
568,Komsomolskiy,UZ,40.4272,71.7189,59.72,67,75,27.63,light rain
569,Ouadda,CF,8.0777,22.4007,69.93,89,99,0.58,overcast clouds
570,Lindsay,US,36.203,-119.0882,71.28,40,0,4.18,clear sky
571,Oxford,GB,51.7522,-1.256,50.23,93,20,3.44,few clouds
572,Esfarayen,IR,37.0765,57.5101,53.26,44,3,3.42,clear sky
573,Tiarei,PF,-17.5333,-149.3333,80.62,72,20,10.94,few clouds
574,Labytnangi,RU,66.6572,66.4183,35.51,59,100,21.32,overcast clouds
575,Balkanabat,TM,39.5108,54.3671,65.88,40,0,9.19,clear sky
576,Sistranda,NO,63.7256,8.834,49.96,84,100,5.37,light rain
577,Takoradi,GH,4.8845,-1.7554,74.37,92,100,3.62,moderate rain
578,Nalut,LY,30.3333,10.85,63.41,13,0,9.35,clear sky
579,Fayetteville,US,35.0527,-78.8784,75.49,87,0,5.75,clear sky
580,Fort-Shevchenko,KZ,44.5086,50.263,63.32,67,58,21.83,broken clouds
581,Zirandaro,MX,18.45,-100.9833,82.29,61,6,4.18,clear sky
582,Soanierana Ivongo,MG,-16.9167,49.5833,71.53,89,100,4.29,light rain
583,Shymkent,KZ,42.3,69.6,54.19,88,75,4.47,broken clouds
584,Usinsk,RU,65.9939,57.5281,36.55,63,100,26.66,overcast clouds
585,Sao Mateus Do Sul,BR,-25.8742,-50.3828,41.0,95,2,0.2,clear sky
586,Garissa,KE,-0.4536,39.6401,78.64,73,75,17.98,broken clouds
587,Hami,CN,42.8,93.45,89.28,12,23,3.96,few clouds
588,Kharp,RU,66.8014,65.8081,35.53,59,100,14.61,overcast clouds
589,Vicar,ES,36.8316,-2.6427,71.8,77,86,2.46,overcast clouds
590,High Level,CA,58.5169,-117.136,59.11,31,75,9.22,light rain
591,Kaeo,NZ,-35.1,173.7833,60.51,73,100,8.23,overcast clouds
592,Egvekinot,RU,66.3167,-179.1667,48.52,50,63,2.86,broken clouds
593,Emerald,AU,-23.5333,148.1667,68.77,70,93,15.39,overcast clouds
594,Shimoda,JP,34.6667,138.95,71.96,75,56,4.65,broken clouds
595,Korba,IN,22.35,82.6833,104.18,18,13,7.96,few clouds
596,Bilma,NE,18.6853,12.9164,78.73,17,2,13.82,clear sky
597,Shahrud,IR,36.4182,54.9763,56.59,30,0,3.65,clear sky
598,Vangaindrano,MG,-23.35,47.6,67.05,84,5,3.8,clear sky
599,Palestina,PS,31.9216,35.2033,62.94,59,94,15.77,overcast clouds
600,Chiang Klang,TH,19.2938,100.8617,74.3,98,100,1.34,overcast clouds
601,Paamiut,GL,61.994,-49.6678,39.92,80,100,41.2,light rain
602,Salisbury,GB,51.0693,-1.7957,49.96,91,20,2.3,few clouds
603,North Platte,US,41.1239,-100.7654,43.38,60,0,1.01,clear sky
604,Motril,ES,36.7507,-3.5179,79.27,42,88,4.09,overcast clouds
605,Acapulco,MX,16.8634,-99.8901,80.42,74,40,2.3,scattered clouds
606,Christchurch,NZ,-43.5333,172.6333,52.95,77,21,6.91,few clouds
607,Kalianget,ID,-7.05,113.9333,85.8,67,73,14.65,broken clouds
608,Isperih,BG,43.7167,26.8333,63.32,81,60,4.47,broken clouds
609,Buraydah,SA,26.326,43.975,86.45,12,1,9.13,clear sky
610,Pagudpud,PH,18.5616,120.7868,83.71,75,96,2.28,overcast clouds
611,Buriti Bravo,BR,-5.8372,-43.8336,68.09,94,30,2.86,scattered clouds
612,Fort Dix,US,40.0298,-74.6185,79.68,69,0,0.0,clear sky
613,Gediz,TR,39.0417,29.41,63.81,48,24,2.46,few clouds
614,Ust-Kut,RU,56.7938,105.7672,56.84,52,100,9.17,light rain
615,Yumen,CN,40.2833,97.2,82.42,11,0,24.25,clear sky
616,Maracacume,BR,-2.0428,-45.9592,70.3,98,61,0.98,light rain
617,Dubbo,AU,-32.25,148.6167,68.13,49,100,12.66,overcast clouds
618,Siavonga,ZM,-16.5382,28.7088,68.05,39,23,8.81,few clouds
619,Qui Nhon,VN,13.7667,109.2333,88.7,60,99,3.02,overcast clouds
620,Fomboni,KM,-12.28,43.7425,80.98,69,20,10.98,few clouds
621,Bonavista,CA,48.6499,-53.1147,46.27,74,89,13.69,overcast clouds
622,Saint Anthony,US,45.0205,-93.218,46.92,58,100,9.22,overcast clouds
623,Jacareacanga,BR,-6.2222,-57.7528,73.06,79,70,0.98,broken clouds
624,Gajendragarh,IN,15.7333,75.9833,82.02,58,68,18.37,broken clouds
625,Catamarca,AR,-28.4696,-65.7852,60.78,46,27,1.99,scattered clouds
626,Soroca,MD,48.1558,28.2975,59.4,68,33,17.31,scattered clouds
627,Laem Sing,TH,12.4816,102.0738,89.02,100,100,17.05,overcast clouds
628,Ilhabela,BR,-23.7781,-45.3581,64.0,87,26,4.12,scattered clouds
629,Harper,LR,4.375,-7.7169,75.54,88,100,3.47,moderate rain
630,Lipin Bor,RU,60.2622,37.9763,35.73,52,37,10.89,scattered clouds
631,Vila,PT,42.0304,-8.1588,52.68,94,42,4.03,scattered clouds
632,Galveston,US,29.3669,-94.9669,83.17,88,23,1.99,few clouds
633,San Luis,AR,-33.295,-66.3356,53.65,42,53,9.19,broken clouds
634,Tilichiki,RU,60.4667,166.1,39.27,75,80,3.96,broken clouds
635,Hammerfest,NO,70.6634,23.6821,46.85,66,100,2.3,overcast clouds
636,Alamosa,US,37.4695,-105.87,39.18,56,100,8.05,overcast clouds
637,Kieta,PG,-6.2167,155.6333,84.33,70,42,6.15,scattered clouds
638,Teknaf,BD,20.8624,92.3058,88.56,66,82,6.44,broken clouds
639,Namatanai,PG,-3.6667,152.4333,84.09,65,93,12.82,overcast clouds
640,Nishihara,JP,26.1842,127.7558,80.65,69,75,12.66,broken clouds
641,Killybegs,IE,54.6333,-8.45,53.42,92,100,13.22,overcast clouds
642,Las Cruces,US,32.3123,-106.7783,75.99,19,0,11.5,clear sky
643,Turukhansk,RU,65.8167,87.9833,60.39,55,33,3.76,scattered clouds
644,Sao Desiderio,BR,-12.3633,-44.9733,63.66,61,3,3.91,clear sky
645,Kamenka,RU,51.3223,42.7678,46.24,94,100,14.99,overcast clouds
646,Rawson,AR,-43.3002,-65.1023,57.74,46,71,21.52,broken clouds
647,Havelock,US,34.8791,-76.9013,78.78,94,100,5.01,overcast clouds
648,Malpe,IN,13.35,74.7167,81.7,74,92,6.8,overcast clouds
649,Calvinia,ZA,-31.4707,19.776,43.0,76,6,2.42,clear sky
650,Alta Floresta,BR,-9.8756,-56.0861,64.45,76,2,3.38,clear sky
651,Port-Gentil,GA,-0.7193,8.7815,77.76,82,100,11.39,overcast clouds
652,Haines Junction,CA,60.7522,-137.5108,53.55,30,36,9.22,scattered clouds
653,Freeport,US,40.6576,-73.5832,80.96,72,0,3.44,clear sky
654,Erdenet,MN,49.0333,104.0833,66.81,29,56,3.24,broken clouds
655,Ixtapa,MX,20.7,-105.2,76.23,83,100,5.75,overcast clouds
656,Balad,IQ,34.0164,44.1453,87.53,13,99,9.04,overcast clouds
657,San Carlos De Bariloche,AR,-41.1456,-71.3082,46.15,76,75,25.32,broken clouds
658,Carutapera,BR,-1.195,-46.02,72.27,95,18,3.09,few clouds
659,Dobryanka,RU,58.4619,56.4165,35.83,96,100,8.97,overcast clouds
660,Pokhara,NP,28.2333,83.9833,82.18,44,58,4.72,broken clouds
661,Jishou,CN,28.3167,109.7167,65.21,94,100,1.61,light rain
662,Sungai Padi,TH,6.0851,101.8766,99.52,45,89,2.15,overcast clouds
663,Jijiga,ET,9.35,42.8,70.02,64,100,9.28,overcast clouds
664,Maebaru,JP,33.55,130.2,87.94,51,12,10.42,few clouds
665,Jining,CN,35.405,116.5814,93.92,17,100,11.54,overcast clouds
666,Izumo,JP,35.3667,132.7667,80.55,57,20,17.27,few clouds
667,Campos Belos,BR,-13.0367,-46.7717,61.84,58,0,2.46,clear sky
668,Mandalgovi,MN,45.7625,106.2708,69.93,19,92,19.04,overcast clouds
669,Grand Gaube,MU,-20.0064,57.6608,77.4,75,3,8.01,light rain
670,Mujiayingzi,CN,42.1167,118.7833,82.0,15,1,7.11,clear sky
671,Qasigiannguit,GL,68.8193,-51.1922,44.85,74,100,7.05,overcast clouds
672,Sokna,NO,60.24,9.9235,52.92,93,98,1.03,overcast clouds
673,Osakarovka,KZ,50.565,72.5692,49.41,66,95,16.62,moderate rain
674,Nioro,GM,13.35,-15.75,73.36,73,96,6.02,overcast clouds
675,Seminole,US,28.7086,-81.2081,72.41,94,0,1.01,clear sky
676,Dauriya,RU,49.9333,116.8667,71.1,30,67,20.24,broken clouds
677,Suez,EG,29.9737,32.5263,67.6,46,2,4.23,clear sky
678,Gat,IL,31.61,34.7642,71.4,100,58,10.29,broken clouds
679,Baykit,RU,61.67,96.37,53.33,78,100,4.99,overcast clouds
680,Bang Saphan,TH,11.2126,99.5117,78.19,93,100,12.33,moderate rain
681,Beira,MZ,-19.8436,34.8389,77.09,83,75,10.36,broken clouds
682,Francisco Sa,BR,-16.4758,-43.4883,55.62,71,2,5.93,clear sky
683,Talcahuano,CL,-36.7167,-73.1167,53.28,94,100,8.05,light rain
684,Tessalit,ML,20.1986,1.0114,84.65,17,70,8.93,broken clouds
685,Kottingbrunn,AT,47.953,16.2414,61.21,62,64,3.87,broken clouds
686,Pucallpa,PE,-8.3791,-74.5539,71.87,82,36,0.63,scattered clouds
687,Rosario,AR,-32.9468,-60.6393,54.99,91,0,1.01,clear sky
688,Panacan,PH,9.2463,118.4082,84.81,73,99,6.91,overcast clouds
689,Sao Francisco,BR,-15.9486,-44.8644,57.65,45,2,3.31,light rain
690,Mongo,TD,12.1844,18.693,84.25,43,48,4.61,scattered clouds
691,Juneau,US,58.3019,-134.4197,59.0,78,0,3.44,clear sky
692,Ratnagiri,IN,16.9833,73.3,88.07,63,74,8.99,broken clouds
